,unixtimestap,open,high,low,close,vwap,volume,count
0,1620259200.0,74427.4,75319.6,71406.7,72601.1,73212.2,8.54488301,783.0
1,1620345600.0,72544.1,75014.2,71527.6,73322.7,72703.3,12.53314406,597.0
2,1620432000.0,73772.5,76050.8,73119.9,75195.7,74541.4,18.17203394,740.0
3,1620518400.0,75312.3,75995.9,72184.5,74452.5,74603.9,14.41611167,1001.0
4,1620604800.0,74588.7,76085.4,69500.0,71760.6,73287.6,25.48546814,1340.0
5,1620691200.0,71760.0,73025.0,69949.0,72914.0,71343.6,27.15478503,2229.0
6,1620777600.0,73356.7,74673.4,63494.6,64106.5,71138.5,44.13669692,1955.0
7,1620864000.0,64140.9,66995.2,60868.4,64683.6,64479.6,57.35874096,2538.0
8,1620950400.0,64788.8,66525.8,63557.3,64532.9,64973.7,14.93660923,1004.0
9,1621036800.0,64381.4,65591.5,60400.0,60635.0,62781.9,12.29206902,977.0
10,1621123200.0,60772.4,64094.7,56733.2,60065.5,60081.1,26.61572953,1634.0
11,1621209600.0,59974.1,60193.9,54452.0,55863.5,56641.2,39.06919813,1607.0
12,1621296000.0,56175.5,58914.0,54331.0,55151.4,57282.8,35.23200152,1317.0
13,1621382400.0,55101.3,55866.0,40250.0,48251.1,49131.3,83.74052752,4431.0
14,1621468800.0,48240.4,55139.8,45531.7,52914.0,51033.1,50.02342273,2433.0
15,1621555200.0,53207.8,54675.8,43545.6,48438.4,49903.4,72.88389442,3318.0
16,1621641600.0,48449.2,50262.5,45839.1,48483.6,48436.4,33.79927676,1391.0
17,1621728000.0,48482.4,49509.9,40521.3,45347.2,44317.3,61.98229481,2409.0
18,1621814400.0,45405.2,51636.1,44408.0,50154.2,48593.1,31.16097678,1749.0
19,1621900800.0,50480.4,51535.4,47241.3,49280.8,49165.2,28.3479232,2214.0
20,1621987200.0,49644.6,52721.0,49086.0,50652.3,51311.7,34.7236337,1874.0
21,1622073600.0,50748.9,52154.7,48000.0,49789.2,49341.9,17.80870554,1047.0
22,1622160000.0,49650.0,50416.3,45250.3,46355.4,47711.6,18.24064151,1071.0
23,1622246400.0,46502.8,48453.1,43897.8,45123.6,45453.1,8.96931659,667.0
24,1622332800.0,45047.7,47512.1,43624.2,46494.3,46123.1,6.59509267,1215.0
25,1622419200.0,46467.1,48436.7,44494.2,48293.8,46951.7,10.32790962,1261.0
26,1622505600.0,48697.4,48940.5,46357.1,47652.0,47533.4,13.195162,1233.0
27,1622592000.0,47533.6,49282.5,46676.2,48663.3,48414.6,16.69422051,816.0
28,1622678400.0,49001.5,51337.8,48263.5,51132.8,50189.5,8.946996,763.0
29,1622764800.0,50891.2,50914.2,46695.3,47702.1,48118.0,23.25857985,1032.0
30,1622851200.0,47614.9,49110.1,45360.5,45980.9,47343.9,5.52420307,473.0
31,1622937600.0,46066.8,47186.4,45822.0,46377.8,46610.1,4.81583272,286.0
32,1623024000.0,46422.1,47687.7,43175.9,43417.6,45212.8,16.04682712,926.0
33,1623110400.0,43308.6,43995.9,40352.4,43451.9,42413.0,20.78027003,1592.0
34,1623196800.0,43451.0,48578.1,42112.6,48578.1,46349.9,23.84180232,782.0
35,1623283200.0,48741.4,49533.5,46469.5,47555.8,48092.1,9.40145387,600.0
36,1623369600.0,47250.0,48570.2,46551.3,48565.3,47681.9,3.69906559,221.0
37,1623456000.0,48492.9,48558.5,45318.3,46435.1,46173.0,10.11616537,498.0
38,1623542400.0,45976.9,50812.4,45072.2,50695.7,47320.0,6.06032136,270.0
39,1623628800.0,50734.4,53000.0,50357.7,52566.6,51274.4,15.55047993,651.0
40,1623715200.0,52808.0,53656.7,51456.0,52168.5,52326.3,7.46036269,404.0
41,1623801600.0,52102.3,52638.8,49938.6,50326.3,50920.3,13.73389405,856.0
42,1623888000.0,50289.2,52087.6,49554.5,50280.0,50780.3,9.4304125,654.0
43,1623974400.0,50277.4,50419.0,47000.0,47911.3,49242.7,13.11118529,1050.0
44,1624060800.0,48008.2,48747.2,46847.3,47764.3,47711.1,5.29755108,331.0
45,1624147200.0,47818.2,48310.0,44847.2,47743.0,46965.7,11.34001138,531.0
46,1624233600.0,47563.7,47750.0,41898.0,42129.4,44103.0,16.15871272,872.0
47,1624320000.0,42072.5,44237.6,38669.0,42774.9,41744.4,33.15879715,1026.0
48,1624406400.0,43115.5,45996.0,42985.1,44649.4,44667.4,5.70454193,262.0
49,1624492800.0,44584.7,46451.9,43000.0,45828.5,44427.6,11.33471156,370.0
50,1624579200.0,45912.6,46797.4,41462.8,41970.0,44041.9,10.20236729,349.0
51,1624665600.0,41680.0,43162.1,39945.8,42459.3,40782.8,11.24049928,351.0
52,1624752000.0,42635.7,45777.2,42438.8,45777.2,44055.1,9.22723423,378.0
53,1624838400.0,45950.1,46451.9,44880.9,45554.1,45537.3,11.52682561,493.0
54,1624924800.0,45741.1,48486.4,45438.0,47724.5,47088.3,11.29468342,771.0
55,1625011200.0,47785.1,47928.1,45498.5,46800.0,46437.9,13.18523449,658.0
56,1625097600.0,46474.3,46693.0,43913.0,44946.1,45375.0,5.61487542,270.0
57,1625184000.0,44906.8,45383.5,43499.4,45056.1,44076.4,14.88206414,400.0
58,1625270400.0,45004.8,46392.1,44384.5,45711.7,45277.4,4.08370494,354.0
59,1625356800.0,46090.9,47773.9,45767.4,46879.2,46666.8,6.14649866,408.0
60,1625443200.0,46720.0,46720.0,44109.0,44834.5,45531.3,7.97178372,503.0
61,1625529600.0,44791.2,46100.6,44712.9,45657.7,45318.7,4.90366751,389.0
62,1625616000.0,45568.1,46560.8,45207.1,45207.1,46298.6,5.17884973,364.0
63,1625702400.0,45245.4,45245.4,43378.3,44271.8,44035.1,10.9010609,449.0
64,1625788800.0,44058.6,45520.0,43757.8,45461.9,44392.8,7.50921194,273.0
65,1625875200.0,45570.4,45789.7,44289.9,44900.0,45009.1,2.16885366,117.0
66,1625961600.0,44824.6,46128.9,44620.1,45882.3,45201.4,1.72255598,102.0
67,1626048000.0,45814.4,46236.7,43777.0,44510.0,44998.2,9.7060345,301.0
68,1626134400.0,44387.0,44685.3,43418.4,44011.5,44187.3,9.51239124,700.0
69,1626220800.0,44093.4,44288.0,42596.2,43925.2,43446.7,17.94772393,613.0
70,1626307200.0,43949.8,44190.9,42133.8,42620.1,43186.1,4.97015818,253.0
71,1626393600.0,42791.3,43459.9,41989.1,42511.1,42700.2,5.98180769,236.0
72,1626480000.0,42433.8,43159.1,42292.8,42790.5,42497.5,4.38438828,188.0
73,1626566400.0,42621.0,43833.8,42225.8,43079.8,42995.8,2.66804192,198.0
74,1626652800.0,43068.6,43275.8,41458.0,42216.9,42516.8,11.18524882,488.0
75,1626739200.0,42285.4,42285.4,40000.0,40513.7,40631.6,22.66425506,702.0
76,1626825600.0,40502.8,44502.9,40205.1,43679.7,42457.6,15.85054978,534.0
77,1626912000.0,43736.2,44270.3,43060.6,43794.5,43592.4,9.11887789,293.0
78,1626998400.0,43854.6,45691.1,43669.3,45691.1,44408.3,13.13838479,315.0
79,1627084800.0,45659.1,46940.8,45630.5,46663.1,46145.5,10.20989678,292.0
80,1627171200.0,46782.4,48050.0,46239.8,48050.0,47067.0,2.42298589,218.0
81,1627257600.0,48486.4,54777.0,48486.4,50806.9,52067.8,30.9162309,877.0
82,1627344000.0,50293.4,53640.7,49546.9,53640.7,51235.6,21.38641405,553.0
83,1627430400.0,53430.0,55725.1,53034.3,54265.5,54614.1,15.72577991,578.0
84,1627516800.0,54216.1,54839.2,53443.8,54104.0,54174.1,13.24246409,380.0
85,1627603200.0,54194.4,57186.7,52029.8,57064.3,54025.0,13.32849614,355.0
86,1627689600.0,57709.8,57709.8,56152.0,56900.0,56998.7,12.03333239,333.0
87,1627776000.0,56305.9,58067.3,53796.3,54659.9,56722.8,15.18388684,517.0
88,1627862400.0,54368.6,54855.9,52645.9,53402.8,53832.8,22.51814835,614.0
89,1627948800.0,52978.8,53970.6,51275.9,51646.4,52212.7,10.76832078,534.0
90,1628035200.0,51787.1,54396.7,50875.0,54210.2,53267.6,14.52248985,420.0
91,1628121600.0,53931.0,55838.5,50677.3,55251.4,53340.0,18.6425032,781.0
92,1628208000.0,55183.4,58742.7,54099.2,58078.4,56150.1,11.23611295,402.0
93,1628294400.0,58192.4,60901.9,58033.2,60775.9,59211.0,6.13703896,340.0
94,1628380800.0,60560.0,61591.4,59236.2,59796.6,60326.9,3.45681686,191.0
95,1628467200.0,59797.5,63320.9,58437.2,63160.3,60854.0,14.72558905,455.0
96,1628553600.0,64028.0,64028.0,60958.4,62000.0,62098.8,13.46650929,766.0
97,1628640000.0,62000.0,63500.0,61810.0,61936.8,62348.8,21.55285617,563.0
98,1628726400.0,61891.7,62856.2,59881.0,60636.2,61042.1,12.9999821,464.0
99,1628812800.0,60871.9,64847.7,60704.0,64691.7,63021.8,10.6671848,388.0
100,1628899200.0,64932.7,65442.7,62620.6,64056.1,64168.2,5.67160017,273.0
101,1628985600.0,64170.3,64360.7,62000.0,63868.9,63194.2,3.6569504,235.0
102,1629072000.0,64101.0,65431.0,62427.4,62450.0,64209.7,5.55447824,294.0
103,1629158400.0,62663.0,64509.7,61103.4,61239.5,62987.9,25.82789133,1163.0
104,1629244800.0,61433.8,63476.1,61034.0,62237.0,62265.9,12.40507808,409.0
105,1629331200.0,61859.7,65556.9,61200.0,65313.7,63493.2,11.98557218,911.0
106,1629417600.0,65484.5,69193.0,65309.8,69193.0,66816.3,7.0822201,578.0
107,1629504000.0,69204.9,69503.9,68000.0,68557.9,68676.6,9.93242061,653.0
108,1629590400.0,68418.3,69290.7,67439.2,68985.7,68359.2,9.27167229,653.0
109,1629676800.0,69000.0,70412.3,68269.7,68877.7,69745.0,6.14964324,463.0
110,1629763200.0,68985.2,69017.9,65854.7,65854.7,67555.5,7.40288955,425.0
111,1629849600.0,65936.5,67509.0,65031.4,67421.9,66353.7,6.43879349,357.0
112,1629936000.0,67380.9,67849.8,64000.0,64917.0,65245.4,5.76898285,329.0
113,1630022400.0,64820.2,67418.6,64302.9,67309.6,65643.0,5.4549601,416.0
114,1630108800.0,67375.6,67758.6,66654.9,67181.6,67121.5,4.556701,472.0
115,1630195200.0,67228.6,68266.1,66033.8,66858.9,67576.0,11.06728481,371.0
116,1630281600.0,66801.1,66874.3,64316.6,64402.8,65786.5,5.8352021,500.0
117,1630368000.0,64380.9,65934.9,64000.0,64670.7,64785.5,7.1559771,519.0
118,1630454400.0,64445.6,66568.3,63781.4,66321.3,65001.1,8.52594696,431.0
119,1630540800.0,66502.6,68201.0,66184.6,66794.1,67394.4,13.90367506,579.0
120,1630627200.0,66727.0,68428.5,65559.1,67269.1,67534.6,13.74945196,753.0
121,1630713600.0,67230.0,67985.3,66706.9,67281.4,67429.4,4.24193622,310.0
122,1630800000.0,67179.5,69743.2,66740.1,69586.5,67957.8,7.9313116,467.0
123,1630886400.0,69638.4,71030.0,68729.9,70991.4,69773.8,8.35883061,490.0
124,1630972800.0,70771.0,71252.7,55000.0,63479.6,65418.9,19.33159532,1492.0
125,1631059200.0,63591.6,64340.2,60583.4,62634.9,62936.9,13.34814421,858.0
126,1631145600.0,62693.9,64059.5,61885.8,63073.3,62833.1,10.85551888,549.0
127,1631232000.0,63040.0,63980.8,60403.6,61048.2,62806.0,10.13845012,663.0
128,1631318400.0,61245.2,62550.3,61245.2,61615.5,61938.7,2.45337042,233.0
129,1631404800.0,61760.2,63084.0,61222.5,62580.2,62261.1,7.74654724,728.0
130,1631491200.0,62796.4,63352.4,59420.7,61150.2,60852.3,7.24548919,630.0
131,1631577600.0,61150.0,64643.1,60900.0,64379.4,62684.1,9.44921604,490.0
132,1631664000.0,64350.9,66106.9,64116.4,65781.7,65129.0,9.11047554,420.0
133,1631750400.0,65700.0,66525.0,64790.3,65676.9,65844.2,5.17819409,295.0
134,1631836800.0,65695.3,66288.7,64600.0,65204.8,65418.4,10.05108626,318.0
135,1631923200.0,65275.5,67230.8,65129.4,66489.1,66697.8,1.95422251,191.0
136,1632009600.0,66737.4,66737.4,64602.8,65152.7,65453.0,7.0834867,313.0
137,1632096000.0,65150.0,65244.3,58834.0,59106.6,60572.4,24.3652243,992.0
138,1632182400.0,59301.4,60243.2,55159.8,56424.6,58502.5,68.70377747,2035.0
139,1632268800.0,56388.8,60497.2,56279.4,60410.0,58615.8,9.8711057,602.0
140,1632355200.0,60327.0,61852.6,59741.2,61705.6,61006.2,8.86861342,463.0
141,1632441600.0,61773.4,62184.1,56631.3,59037.1,58893.1,17.23111148,1441.0
142,1632528000.0,59101.9,59285.7,57688.5,59038.6,58986.6,4.70895002,257.0
143,1632614400.0,58797.5,60717.9,56526.3,59805.2,59150.5,5.94387447,386.0
144,1632700800.0,59579.7,61169.2,58065.6,58123.7,60430.1,10.04746754,625.0
145,1632787200.0,58120.4,58815.9,56752.7,56788.2,57872.2,8.66514575,387.0
146,1632873600.0,56803.9,59123.7,56600.0,58007.2,58404.6,11.20399986,401.0
147,1632960000.0,58057.2,61010.0,57895.0,60736.5,60021.1,7.69315038,329.0
148,1633046400.0,60835.8,66908.1,59928.3,66220.0,63506.8,16.28663258,733.0
149,1633132800.0,66374.5,66688.0,65448.5,65763.6,65901.8,5.89170445,378.0
150,1633219200.0,65851.0,67832.6,65120.5,66450.8,66270.2,7.60540449,351.0
151,1633305600.0,66396.9,68000.0,64671.0,67677.9,66160.1,15.67233757,536.0
152,1633392000.0,67747.9,71344.7,67624.3,70912.8,68946.7,8.9538126,434.0
153,1633478400.0,70617.9,76496.4,70000.0,76035.1,73078.9,18.41827691,759.0
154,1633564800.0,76154.5,76154.5,73348.0,73745.2,74780.3,7.27641748,404.0
155,1633651200.0,73937.7,76798.2,73541.6,73971.5,74603.7,9.48470818,442.0
156,1633737600.0,73947.9,76024.5,73668.1,75648.0,74952.5,6.11882365,395.0
157,1633824000.0,75673.2,77452.2,74517.0,75187.6,75983.6,7.74642312,411.0
158,1633910400.0,75126.4,78841.2,74905.8,78524.8,77563.5,14.52591983,546.0
159,1633996800.0,78390.5,78642.2,73895.0,76632.2,77517.9,104.54879751,1845.0
160,1634083200.0,76672.4,78258.9,74013.5,77894.2,76520.0,49.57797461,790.0
161,1634169600.0,77841.6,79401.0,77000.0,77323.9,77966.6,11.39505571,596.0
162,1634256000.0,77350.5,84476.4,76884.3,83441.1,81422.9,18.14113478,851.0
163,1634342400.0,83155.2,84246.6,81521.2,82350.3,82955.4,8.92373312,402.0
164,1634428800.0,81945.0,83328.1,79995.7,83068.9,81507.4,8.70783245,501.0
165,1634515200.0,83084.6,84656.7,81488.9,83758.3,83775.8,10.73612933,669.0
166,1634601600.0,83752.9,86310.6,82567.9,86022.3,84104.4,19.12181736,820.0
167,1634688000.0,86022.3,90010.1,84892.2,88530.6,87427.6,65.02840078,3074.0
168,1634774400.0,88322.1,89541.7,83317.3,83749.9,86818.8,102.84420581,2012.0
169,1634860800.0,83691.7,85034.8,80618.6,81499.1,83708.7,18.06663533,817.0
170,1634947200.0,81332.9,82815.5,80370.8,82393.1,81895.0,5.34814424,409.0
171,1635033600.0,82410.8,82424.1,80344.5,81703.0,81403.0,4.78779407,442.0
172,1635120000.0,81792.6,85281.7,81510.9,84388.0,84287.0,135.13033875,2083.0
173,1635206400.0,84498.0,84687.9,80450.7,80680.5,83208.1,22.16874123,902.0
174,1635292800.0,80624.2,82123.6,77400.0,78542.3,79218.6,23.21035639,1259.0
175,1635379200.0,78486.6,83281.6,77396.3,80817.1,80043.2,180.55584221,4748.0
176,1635465600.0,80933.8,84133.5,80516.8,83197.3,81397.3,131.25298661,2070.0
177,1635552000.0,83051.2,83082.2,81229.1,82371.6,82191.8,4.9160506,494.0
178,1635638400.0,82769.5,83268.4,80465.8,82023.0,82058.9,17.76882532,904.0
179,1635724800.0,82135.9,83620.9,79668.3,81366.5,82099.3,8.89530555,689.0
180,1635811200.0,81366.5,86443.2,80960.2,85157.9,83763.7,6.65387884,678.0
181,1635897600.0,85365.4,85497.0,82000.0,84685.1,84392.9,11.26256195,704.0
182,1635984000.0,84505.3,84763.9,82599.9,83299.3,83620.1,15.68072237,955.0
183,1636070400.0,83220.5,84814.1,82392.2,82467.8,83796.2,12.77901409,759.0
184,1636156800.0,82455.2,84070.6,81363.0,84045.1,83708.4,105.48952234,1551.0
185,1636243200.0,84045.1,85748.4,83614.0,85748.4,84197.6,19.49271698,846.0
186,1636329600.0,86130.9,91518.1,86068.0,91194.7,88753.7,7.49977755,662.0
187,1636416000.0,91139.3,92858.2,90479.8,91365.5,92226.6,212.78735771,3024.0
188,1636502400.0,91290.5,94994.2,87026.9,89091.5,92421.9,116.61484939,5897.0
189,1636588800.0,88972.5,90268.7,88017.1,89236.0,89299.4,12.43585577,899.0
190,1636675200.0,89132.0,90251.6,85832.5,88390.6,88440.4,21.37787199,1005.0
191,1636761600.0,88206.1,88859.9,86945.0,88210.1,87699.9,7.89368757,633.0
192,1636848000.0,88373.7,89250.0,87124.4,89250.0,88159.5,11.35725626,783.0
193,1636934400.0,89583.0,90587.4,86772.1,87150.6,89451.9,9.35328799,793.0
194,1637020800.0,86707.0,86707.0,80291.2,82839.9,83216.0,21.5548432,2181.0
195,1637107200.0,82701.4,84377.7,80999.9,83504.1,82538.4,110.11972694,4549.0
196,1637193600.0,83349.8,84389.5,78043.1,78536.5,81522.1,16.47376293,2672.0
197,1637280000.0,78522.0,80722.6,76917.0,80470.9,78699.1,14.10638884,1577.0
198,1637366400.0,80544.0,82872.0,79708.0,82868.4,81232.3,3.48564971,405.0
199,1637452800.0,82549.6,82914.7,81233.7,81483.8,81996.1,2.53908475,311.0
200,1637539200.0,81233.8,81851.0,77200.0,78049.8,79183.5,10.72452415,951.0
201,1637625600.0,77872.9,80075.5,76917.0,80054.7,78779.7,13.78180452,1026.0
202,1637712000.0,79928.7,79955.4,77890.9,79485.3,78828.3,7.81911697,880.0
203,1637798400.0,79630.4,82757.7,79295.7,82192.8,80685.0,4.8476225,666.0
204,1637884800.0,82375.7,82693.5,75113.6,75398.7,77340.0,27.88698078,2167.0
205,1637971200.0,75684.2,78002.6,75476.7,76960.6,76982.5,8.60356559,661.0
206,1638057600.0,77005.0,80635.5,75577.4,80290.7,78102.8,4.74052189,931.0
207,1638144000.0,80419.4,82578.9,79534.3,81079.1,81115.1,12.62979919,981.0
208,1638230400.0,80841.3,82618.9,78973.0,79939.4,80632.7,9.99335417,1066.0
209,1638316800.0,79879.2,82571.6,79254.3,80442.6,79978.3,7.38866566,609.0
210,1638403200.0,80580.0,80707.1,78611.8,79733.6,79868.5,7.61678696,635.0
211,1638489600.0,79763.4,81021.6,74100.0,76721.2,78884.9,27.32615737,1968.0
212,1638576000.0,76663.8,76898.6,62442.3,70819.9,69156.6,42.41208222,2580.0
213,1638662400.0,70982.6,72062.9,68653.9,70502.6,70954.8,11.65772997,962.0
214,1638748800.0,70793.7,72488.9,67205.8,71957.3,69435.2,17.3006294,787.0
215,1638835200.0,72084.1,73139.1,70716.9,71278.4,71984.6,12.04890815,555.0
216,1638921600.0,71255.2,71593.5,68626.4,70844.7,70013.2,11.07308033,472.0
217,1639008000.0,70869.1,71130.4,66542.1,66980.9,68616.8,12.37622085,944.0
218,1639094400.0,66990.8,70000.0,65901.9,66190.0,67696.5,14.2948392,742.0
219,1639180800.0,66143.0,69261.7,65535.3,69261.7,67762.4,4.53844148,406.0
220,1639267200.0,69277.2,70964.1,68222.9,70132.5,69893.3,3.73297171,334.0
221,1639353600.0,70143.2,70284.8,64455.0,65749.6,67184.5,10.73601493,843.0
222,1639440000.0,65591.0,68469.2,65348.7,68357.5,66557.4,6.40418729,525.0
223,1639526400.0,68015.8,69290.7,65663.7,68209.7,67636.4,10.2356113,565.0
224,1639612800.0,68371.6,68710.5,66413.9,66494.0,68305.4,6.9908187,371.0
225,1639699200.0,66504.1,70346.2,64000.0,64911.2,66258.7,54.81688589,1035.0
226,1639785600.0,64775.3,66502.7,64214.0,65881.6,65392.2,4.24376749,294.0
227,1639872000.0,65869.6,71165.8,65391.9,66076.8,67670.9,17.94317863,493.0
228,1639958400.0,65859.8,66612.0,62733.6,66236.7,64961.3,25.31984629,785.0
229,1640044800.0,66202.1,69238.6,65927.3,68621.9,68328.8,7.97877891,452.0
230,1640131200.0,68614.3,69455.5,67441.1,67714.5,68497.5,4.59875288,333.0
231,1640217600.0,67357.2,70924.7,66699.9,70474.7,67598.8,8.50120084,460.0
232,1640304000.0,70496.8,71803.6,69974.7,70606.3,70817.1,5.81067685,411.0
233,1640390400.0,70457.2,70984.0,69945.6,70001.3,70450.8,2.12726886,155.0
234,1640476800.0,70000.0,71070.0,68596.1,70402.0,69212.7,4.13045292,321.0
235,1640563200.0,70466.6,72000.0,69980.6,70089.6,70745.8,5.05705993,275.0
236,1640649600.0,70093.0,70093.0,65741.5,66100.0,67457.6,7.58469675,611.0
237,1640736000.0,66020.4,66877.1,63881.3,64225.1,65809.9,7.26160198,599.0
238,1640822400.0,64333.3,66236.7,63705.2,65292.7,65105.5,5.48884701,386.0
239,1640908800.0,65192.0,67070.7,63000.0,63990.0,65439.7,5.12648981,404.0
240,1640995200.0,63844.8,66023.5,63745.0,65809.9,65101.4,7.42894868,364.0
241,1641081600.0,65914.9,66061.3,64482.3,65276.6,65183.8,4.11771068,330.0
242,1641168000.0,65236.0,65644.9,63762.8,64503.6,64954.1,4.21599857,428.0
243,1641254400.0,64729.4,65742.2,63389.5,63389.5,64477.8,4.89673044,403.0
244,1641340800.0,63499.0,64891.5,59260.0,60448.0,63049.0,18.7954162,995.0
245,1641427200.0,60271.3,60926.6,59459.2,60309.8,60142.7,14.51851327,768.0
246,1641513600.0,60287.1,60295.4,57069.5,57988.0,58600.6,9.84946472,870.0
247,1641600000.0,58051.6,59072.6,56746.4,58363.0,58332.2,7.99818498,563.0
248,1641686400.0,58315.1,59662.4,57741.7,58574.0,59138.3,4.62611513,333.0
249,1641772800.0,58510.0,58990.8,55571.9,58439.8,58034.1,15.89656537,1119.0
250,1641859200.0,58375.6,59963.0,57825.8,59540.4,58739.2,8.63757447,565.0
251,1641945600.0,59486.6,60953.1,59000.1,60478.0,59932.6,8.75904145,674.0
252,1642032000.0,60477.9,60934.3,58381.5,58612.1,59700.7,12.44492681,745.0
253,1642118400.0,58551.2,60294.5,57782.8,59809.5,58637.3,9.0228411,482.0
254,1642204800.0,60008.6,60641.1,59464.9,59948.8,59812.9,2.89169084,221.0
255,1642291200.0,59889.4,60406.7,59350.0,59725.1,59808.2,2.7231197,310.0
256,1642377600.0,59779.0,59920.1,57928.3,58672.0,59440.3,14.85816222,531.0
257,1642464000.0,58737.0,59373.0,57602.7,59187.2,58475.3,9.12340823,523.0
258,1642550400.0,59086.0,59202.2,57400.0,57909.4,58216.0,10.55631932,507.0
259,1642636800.0,57922.9,59940.1,56357.2,56500.2,58062.3,8.61503214,547.0
260,1642723200.0,56454.0,57073.8,49728.1,50791.2,54213.4,21.37888977,1145.0
261,1642809600.0,51065.4,51280.4,47545.4,48936.4,49291.0,14.33951539,933.0
262,1642896000.0,49041.1,50901.6,48419.6,50607.2,49716.9,7.90022235,506.0
263,1642982400.0,50533.2,52400.0,46450.5,51419.8,49305.4,27.30223861,1179.0
264,1643068800.0,51343.5,52597.3,50155.1,51839.6,51236.2,19.33347557,574.0
265,1643155200.0,51862.6,54300.5,51206.2,51786.3,52521.6,12.22953111,591.0
266,1643241600.0,51936.9,52728.8,50376.4,52667.5,51431.2,18.30585129,541.0
267,1643328000.0,53005.8,54262.2,51923.6,54080.6,52820.7,13.90467304,543.0
268,1643414400.0,54017.8,55275.8,53589.3,54523.9,54221.5,10.16718531,373.0
269,1643500800.0,54688.8,55319.9,53515.4,54311.7,54581.6,16.76751175,529.0
270,1643587200.0,54162.9,54686.7,52300.0,54440.1,52808.5,10.34081661,402.0
271,1643673600.0,54473.1,55169.0,53692.1,54442.6,54455.8,15.44912488,625.0
272,1643760000.0,54360.8,54500.0,51536.5,51948.2,53926.5,45.2124903,1096.0
273,1643846400.0,51855.8,52454.7,51122.0,52383.2,51689.1,9.20357901,553.0
274,1643932800.0,52354.8,58950.0,52077.5,58950.0,54410.0,14.54816533,608.0
275,1644019200.0,58799.7,59259.6,57714.5,58650.4,58819.6,18.99521995,724.0
276,1644105600.0,58662.3,60250.0,58528.8,60130.0,58982.6,4.4728001,254.0
277,1644192000.0,59954.0,62480.1,59115.4,61731.8,60431.4,43.92924967,1159.0
278,1644278400.0,61731.9,63811.8,60138.5,61899.8,61900.6,15.03200617,607.0
279,1644364800.0,61890.3,62465.6,60500.0,61800.0,61525.8,12.21392949,591.0
280,1644451200.0,61800.0,63070.4,60490.6,60801.2,61720.2,15.33923688,663.0
281,1644537600.0,60781.3,61443.7,59027.1,59486.7,60584.7,13.79477942,795.0
282,1644624000.0,59575.8,60131.2,58691.2,59147.8,59518.4,9.92727865,363.0
283,1644710400.0,59348.0,59856.0,58850.0,59099.0,59332.8,4.14941789,261.0
284,1644796800.0,58967.0,60147.5,58500.0,59901.5,59248.9,10.85344802,485.0
285,1644883200.0,59733.1,62688.0,59593.1,62688.0,61765.8,7.61674758,334.0
286,1644969600.0,62485.0,62496.5,60763.1,61240.0,61601.0,11.17532058,431.0
287,1645056000.0,61044.2,61501.3,56000.0,56457.0,58979.8,10.04853438,449.0
288,1645142400.0,56418.0,57047.5,55237.4,55926.7,56358.5,13.68898901,491.0
289,1645228800.0,55814.2,56395.6,55433.2,56027.3,55906.4,8.75326962,274.0
290,1645315200.0,55995.5,56018.7,53000.0,53632.1,53603.2,12.05506548,1008.0
291,1645401600.0,53664.7,54785.4,51409.6,51525.0,53736.8,17.44757447,2996.0
292,1645488000.0,51706.9,53306.5,50714.9,53115.2,51744.8,12.86080487,1786.0
293,1645574400.0,53093.7,53980.6,51356.9,51704.8,53283.2,6.84393287,1329.0
294,1645660800.0,51658.4,55055.0,47870.1,53634.3,50195.0,19.516019,1985.0
295,1645747200.0,53603.2,55000.0,52916.2,54296.9,53950.5,9.51681741,1099.0
296,1645833600.0,54396.3,55698.0,53516.6,54211.8,54222.9,3.27464122,742.0
297,1645920000.0,54289.4,55310.3,51888.6,52572.9,53345.2,22.15146034,1468.0
298,1646006400.0,52616.3,60637.0,52306.4,59634.8,55789.0,10.86478266,1756.0
299,1646092800.0,59646.1,61876.4,59097.2,61307.8,60358.7,18.45777995,1996.0
300,1646179200.0,61431.4,62090.6,59660.7,60371.8,60716.0,17.21671052,1677.0
301,1646265600.0,60362.9,60558.8,57187.1,58028.0,59501.0,15.62175745,1726.0
302,1646352000.0,58000.0,58100.1,52451.4,53180.0,56205.6,9.2483193,1332.0
303,1646438400.0,53260.6,53885.1,52500.0,53659.3,53158.6,6.17978988,1479.0
304,1646524800.0,53664.3,54062.4,51772.3,51980.0,52631.9,10.47808498,1649.0
305,1646611200.0,51936.7,53738.6,50789.0,51837.8,51745.6,11.13302256,1195.0
306,1646697600.0,51893.1,53991.3,51694.1,53239.1,52937.7,7.60200565,697.0
307,1646784000.0,53328.3,58251.4,53146.2,57451.8,56184.9,11.93263228,824.0
308,1646870400.0,57250.9,57548.8,52704.2,53652.4,53653.9,12.58169497,784.0
309,1646956800.0,53421.8,54871.4,52193.6,53175.8,53425.0,7.09549942,697.0
310,1647043200.0,53068.1,54070.4,53068.1,53303.6,53577.5,9.26739005,629.0
311,1647129600.0,53303.6,53909.4,51700.0,51757.4,53169.2,8.10274827,449.0
312,1647216000.0,51767.6,55359.9,51586.1,55131.5,53580.6,21.1259334,786.0
313,1647302400.0,55114.3,55430.3,53323.5,54654.5,54155.0,27.27799735,1102.0
314,1647388800.0,54658.3,57943.6,53927.4,56550.6,55375.8,22.61654575,1074.0
315,1647475200.0,56346.7,56655.2,55034.2,55622.7,55959.0,12.06691758,442.0
316,1647561600.0,55548.9,57000.0,54648.0,56481.6,55351.2,6.79445659,405.0
317,1647648000.0,56467.5,57241.9,56164.0,57058.3,56536.6,5.5823936,309.0
318,1647734400.0,57122.1,57163.6,55349.6,55700.2,56162.0,5.44955332,391.0
319,1647820800.0,55859.9,56246.0,54765.5,55575.2,55725.6,4.61089539,358.0
320,1647907200.0,55432.4,58460.3,55430.6,56782.6,57320.2,9.65642908,546.0
321,1647993600.0,56698.2,57302.5,56041.0,57263.2,56420.1,5.7000832,421.0
322,1648080000.0,57406.0,58856.9,57030.2,58453.9,58241.9,19.28319269,624.0
323,1648166400.0,58629.1,59999.9,58254.6,59263.4,59300.6,15.01546025,878.0
324,1648252800.0,59263.5,59798.3,58904.2,59505.6,59257.8,6.48841524,669.0
325,1648339200.0,59438.9,62564.2,58409.5,62338.0,59832.7,10.4614347,707.0
326,1648425600.0,62355.0,64380.2,62162.6,63051.7,63035.5,7.95076572,725.0
327,1648512000.0,62845.8,64172.9,62789.4,63265.8,63400.5,7.56044894,565.0
328,1648598400.0,63137.2,63411.9,62070.0,62816.2,62835.8,11.49367349,1187.0
329,1648684800.0,62785.3,63363.1,60590.5,60707.2,62775.8,6.47261192,617.0
330,1648771200.0,60871.9,62294.2,59276.5,61805.5,60191.8,5.2594863,561.0
331,1648857600.0,61653.0,62926.6,61137.8,61254.6,62074.1,5.38574513,367.0
332,1648944000.0,61309.1,63290.9,60855.8,62082.3,61906.5,4.06569542,323.0
333,1649030400.0,62040.3,62154.6,60107.5,61908.7,61486.3,11.07433737,545.0
334,1649116800.0,61895.9,62089.9,59984.3,60351.2,61253.5,10.32235364,528.0
335,1649203200.0,60002.1,60175.5,57550.0,57550.0,59224.9,12.55860108,617.0
336,1649289600.0,57550.0,58665.0,57152.1,58207.7,58136.3,8.27257415,475.0
337,1649376000.0,58130.3,59131.1,56502.1,56731.6,58278.0,9.13959371,392.0
338,1649462400.0,56857.1,57568.5,56567.9,57568.5,57084.5,9.86383062,380.0
339,1649548800.0,57524.1,58154.6,56418.1,56661.1,57201.1,3.82241782,341.0
340,1649635200.0,56736.4,57014.4,53004.4,53344.4,55395.4,12.82100661,688.0
341,1649721600.0,53402.5,54598.7,52763.8,53788.8,53842.1,14.27819517,650.0
342,1649808000.0,53757.7,55812.3,53201.2,55307.4,54287.7,13.43261098,695.0
343,1649894400.0,55226.2,55764.2,53691.2,54046.9,55283.8,9.73940566,462.0
344,1649980800.0,54056.0,55273.3,53791.1,54938.2,54308.1,6.9767392,386.0
345,1650067200.0,54991.6,55132.5,54316.3,54849.7,54772.7,2.52005573,196.0
346,1650153600.0,54760.6,54906.9,53616.5,53770.7,54552.0,4.18893069,286.0
347,1650240000.0,53770.6,55883.3,52658.7,55616.6,53458.7,9.09595845,464.0
348,1650326400.0,55561.1,56549.8,55097.7,56262.0,55619.8,6.53019233,427.0
349,1650412800.0,56170.1,56864.1,55100.1,55645.8,56184.2,5.91018124,370.0
350,1650499200.0,55684.4,57684.6,54215.2,55148.6,56569.1,12.65127882,651.0
351,1650585600.0,54911.9,55899.8,54184.0,54951.7,55310.8,7.6427027,523.0
352,1650672000.0,54940.4,55164.2,54342.1,54599.4,54788.6,2.49171857,310.0
353,1650758400.0,54547.8,55103.5,54000.0,54569.6,54741.2,2.76906103,302.0
354,1650844800.0,54607.1,56555.6,53468.3,56354.6,54507.5,3.88163444,447.0
355,1650931200.0,56374.4,56684.3,52935.3,53274.7,55171.7,10.98220962,793.0
356,1651017600.0,53333.4,55309.7,53273.3,55018.7,54424.5,13.83909983,734.0
357,1651104000.0,55040.1,56700.0,54976.7,55910.7,55632.6,6.78969608,464.0
358,1651190400.0,55828.6,55956.1,53800.0,54680.3,54977.5,11.33480249,591.0
359,1651276800.0,54614.2,55035.1,53400.0,53423.6,54711.2,6.29901381,484.0
360,1651363200.0,53411.3,54813.0,53250.0,54362.7,53795.8,3.33863045,321.0
361,1651449600.0,54580.9,55484.5,54109.2,54879.8,54903.3,7.93549108,537.0
362,1651536000.0,54586.1,54633.7,53000.0,53219.0,54069.1,12.3246292,718.0
363,1651622400.0,53177.6,55222.3,53143.2,54808.5,54383.8,9.86108183,576.0
364,1651708800.0,54715.7,55108.4,50320.1,51349.2,52977.8,15.50464489,910.0
365,1651795200.0,51562.3,51562.3,50000.0,50951.0,51045.2,12.3293151,663.0
366,1651881600.0,50976.2,51072.8,49500.0,50356.9,50563.1,2.46812676,281.0
367,1651968000.0,50102.6,50214.1,47853.1,48242.2,48804.5,9.92726757,535.0
368,1652054400.0,48395.8,48873.1,43210.0,43254.9,46766.4,25.56441203,1632.0
369,1652140800.0,43213.1,46804.7,42898.8,44670.1,45029.4,27.75728352,1378.0
370,1652227200.0,44747.8,45801.7,39300.0,41584.6,43465.4,30.62258492,1867.0
371,1652313600.0,41690.5,43372.0,37000.0,41460.7,40284.9,36.36092513,2737.0
372,1652400000.0,41443.1,44751.6,41244.6,42100.3,43581.8,13.78029732,1154.0
373,1652486400.0,42249.1,43565.8,41371.4,43385.0,42424.4,10.66204584,791.0
374,1652572800.0,43286.2,45065.8,42577.7,44991.7,43495.6,1.5635477,301.0
375,1652659200.0,44998.2,45021.7,41969.2,42718.1,43096.0,11.98087379,611.0
376,1652745600.0,42819.4,43623.4,42039.1,43310.3,43186.4,16.39338479,685.0
377,1652832000.0,43277.6,43570.9,41000.0,41040.4,42095.0,12.5418365,934.0
378,1652918400.0,41152.0,43032.2,41021.7,42898.5,41830.0,8.63484734,703.0
379,1653004800.0,42878.9,43553.8,40968.9,41509.1,42630.6,9.84408652,568.0
380,1653091200.0,41464.5,41926.8,41052.1,41805.6,41580.1,3.01803397,281.0
381,1653177600.0,41664.9,43062.2,41512.5,42850.9,41954.8,6.28275581,432.0
382,1653264000.0,42919.0,43062.9,40735.4,41075.7,42621.7,11.01017718,491.0
383,1653350400.0,41039.7,41794.3,40495.0,41714.0,41325.8,10.88737558,605.0
384,1653436800.0,41662.9,42478.5,41544.9,41695.0,41947.8,12.34419639,594.0
385,1653523200.0,41606.3,42208.3,39888.0,41204.0,41321.8,14.81161644,543.0
386,1653609600.0,41177.5,41270.0,39515.1,39952.0,40615.8,8.87123116,434.0
387,1653696000.0,39965.0,40698.5,39845.2,40650.0,40220.0,2.82878862,232.0
388,1653782400.0,40491.0,41127.7,40287.9,41031.0,40684.6,3.97695679,256.0
389,1653868800.0,41067.0,44573.5,40875.2,44117.1,42753.8,15.83461213,679.0
390,1653955200.0,43927.2,44950.0,43529.6,44386.0,44068.6,9.8757755,497.0
391,1654041600.0,44331.8,44391.2,40933.7,41514.9,43335.9,10.46522745,472.0
392,1654128000.0,41485.2,42190.1,41018.7,41902.1,41746.0,10.27627829,418.0
393,1654214400.0,41921.5,42233.8,40551.9,41180.1,41505.2,10.88833208,368.0
394,1654300800.0,41228.6,41492.8,40933.8,41404.7,41240.0,2.14336915,167.0
395,1654387200.0,41366.7,41780.7,41036.0,41540.7,41302.8,1.61694455,165.0
396,1654473600.0,41529.7,43922.8,41529.7,43646.8,43343.4,10.34338881,398.0
397,1654560000.0,43560.7,43617.7,40782.0,43160.0,41771.1,14.98658773,629.0
398,1654646400.0,43011.1,43272.4,41584.7,42074.0,42233.8,10.65098371,391.0
399,1654732800.0,42000.0,42647.0,41786.2,42172.7,42114.7,39.57741328,1094.0
400,1654819200.0,42188.5,42433.6,40900.0,41214.5,41945.3,21.19758239,715.0
401,1654905600.0,41261.8,41736.6,39973.3,40333.8,40646.3,6.53585886,368.0
402,1654992000.0,40449.8,40495.9,37800.0,37806.2,38942.6,8.0776978,664.0
403,1655078400.0,37907.4,38280.0,31591.6,32315.0,34412.3,59.08026777,1798.0
404,1655164800.0,32314.9,33370.0,30054.3,32221.8,31716.7,26.61971903,1171.0
405,1655251200.0,32066.5,32532.1,29008.5,32160.6,30453.3,34.99598305,1471.0
406,1655337600.0,32165.3,32559.2,28765.0,28951.0,30411.9,15.50480731,707.0
407,1655424000.0,28914.0,30403.9,28765.5,29588.2,29801.2,26.04969143,797.0
408,1655510400.0,29490.3,29820.8,25500.0,27493.5,27550.2,31.52817981,1261.0
409,1655596800.0,27396.9,29906.6,25968.3,29515.0,27635.8,16.93054351,790.0
410,1655683200.0,29692.9,30099.4,28382.2,29494.1,29394.4,27.04016484,657.0
411,1655769600.0,29577.9,30993.1,29196.9,29798.4,30222.8,19.93352573,676.0
412,1655856000.0,29758.4,30068.8,28670.2,28943.8,29400.3,24.54202527,910.0
413,1655942400.0,28971.5,30674.2,28918.1,30554.0,29883.5,14.01243195,666.0
414,1656028800.0,30553.5,31007.4,30005.9,30780.0,30556.9,12.5705422,484.0
415,1656115200.0,30593.9,31062.0,30169.0,30986.3,30656.3,21.36683793,824.0
416,1656201600.0,30951.7,31456.1,30240.6,30240.9,30890.1,7.67528617,378.0
417,1656288000.0,30300.9,31056.2,29684.1,29929.3,30540.7,15.07228968,664.0
418,1656374400.0,29995.6,30476.0,29269.2,29274.5,30085.2,10.20712063,367.0
419,1656460800.0,29365.0,29558.6,28858.6,29230.1,29182.3,15.96386953,540.0
420,1656547200.0,29254.3,29300.0,27026.1,28768.0,28244.5,36.6479302,1068.0
421,1656633600.0,28794.2,29982.0,28000.0,28270.4,28619.7,16.96100018,1004.0
422,1656720000.0,28266.9,28389.8,27888.9,28180.5,28164.3,9.02310355,466.0
423,1656806400.0,28228.9,28684.6,27590.0,28304.4,28062.0,5.42994864,358.0
424,1656892800.0,28258.6,29478.9,27856.1,29425.4,28387.8,12.76652743,449.0
425,1656979200.0,29425.3,30474.1,28491.8,29714.6,29386.4,12.83143672,662.0
426,1657065600.0,29671.5,30393.9,29049.0,30287.0,29702.2,12.07295348,471.0
427,1657152000.0,30345.4,31910.9,29754.7,31578.1,30304.2,11.43023073,519.0
428,1657238400.0,31622.7,32655.5,31044.1,31426.7,31818.8,30.62052463,805.0
429,1657324800.0,31442.5,31893.9,31184.6,31510.1,31518.8,5.37660407,327.0
430,1657411200.0,31396.1,31401.7,30195.4,30474.3,31017.3,4.08240049,294.0
431,1657497600.0,30295.7,30630.6,29500.1,29700.5,30154.9,15.19963905,595.0
432,1657584000.0,29556.6,29795.1,28524.9,28588.9,29324.7,25.5006611,675.0
433,1657670400.0,28685.9,30083.0,28123.0,30083.0,28916.6,17.12325574,605.0
434,1657756800.0,30050.2,30842.5,29282.1,30471.3,29879.2,15.12710846,449.0
435,1657843200.0,30346.3,31217.4,30252.5,30693.9,30781.9,10.35806293,337.0
436,1657929600.0,30592.9,31845.9,30215.0,31319.2,31002.3,4.88499012,317.0
437,1658016000.0,31285.0,31882.6,30538.6,30538.6,31364.1,7.83726875,480.0
438,1658102400.0,30581.6,33316.2,30566.9,33103.1,32434.7,21.71446323,605.0
439,1658188800.0,32851.7,34502.2,31559.1,34042.3,32540.4,15.7453799,625.0
440,1658275200.0,33919.6,35231.1,33250.5,33813.3,34319.4,15.40906064,687.0
441,1658361600.0,33846.8,34029.5,32635.0,33704.2,33293.7,16.89300806,1031.0
442,1658448000.0,33472.3,34242.5,32679.1,32926.5,33805.4,9.23146922,508.0
443,1658534400.0,32778.0,33326.6,31774.6,32495.2,32505.2,13.02105345,468.0
444,1658620800.0,32521.4,33243.0,32224.7,32718.5,32578.4,4.37442043,387.0
445,1658707200.0,32749.1,32833.9,30564.8,30722.3,31603.2,44.56538326,1369.0
446,1658793600.0,30707.6,30737.9,29968.6,30720.3,30348.6,11.75669391,587.0
447,1658880000.0,30673.5,33946.7,30458.6,32984.2,32418.1,41.20604018,1187.0
448,1658966400.0,32943.3,34701.7,32617.6,34167.7,33666.7,30.33712189,1575.0
449,1659052800.0,34167.7,34928.1,33859.3,34239.6,34343.5,16.78978046,685.0
450,1659139200.0,34198.8,35231.3,33814.4,34006.1,34110.9,15.79698547,449.0
451,1659225600.0,33998.3,34751.4,33410.3,33637.6,34100.9,15.04863648,633.0
452,1659312000.0,33491.8,33703.3,32553.6,33333.5,33255.6,11.40245454,484.0
453,1659398400.0,33191.5,33773.7,32589.1,33415.3,33215.2,14.02240355,438.0
454,1659484800.0,33415.2,34076.3,32904.1,33017.2,33548.9,11.25340378,471.0
455,1659571200.0,32999.6,33441.9,32053.4,32577.4,33052.5,23.15617763,595.0
456,1659657600.0,32535.8,33756.8,32535.8,33533.1,33176.1,10.97529955,404.0
457,1659744000.0,33718.9,33809.2,33434.6,33434.6,33637.7,3.27672701,211.0
458,1659830400.0,33227.7,33897.3,33165.6,33612.9,33488.8,7.60778317,397.0
459,1659916800.0,33610.9,34794.5,33524.1,34070.1,34346.9,16.99867605,452.0
460,1660003200.0,34040.0,34335.7,33000.0,33281.1,33664.9,13.42714736,388.0
461,1660089600.0,33296.4,34398.2,32666.9,33847.9,33488.4,22.24613732,569.0
462,1660176000.0,33944.2,35191.9,33666.4,33812.4,34467.4,21.61718181,540.0
463,1660262400.0,33751.9,34412.8,33500.0,34350.0,33844.7,13.69412916,422.0
464,1660348800.0,34359.6,34895.0,34082.2,34268.3,34430.6,8.88882545,352.0
465,1660435200.0,34321.9,35241.5,34100.0,34321.2,34643.6,8.41641869,435.0
466,1660521600.0,34284.8,35500.0,33900.0,34440.8,34495.4,23.47336693,905.0
467,1660608000.0,34433.3,34633.5,33895.6,34039.7,34182.9,16.8297298,643.0
468,1660694400.0,34007.5,35000.0,33550.8,33655.6,34224.7,27.78180787,787.0
469,1660780800.0,33748.1,34046.3,33600.0,33622.2,33884.9,12.20126347,490.0
470,1660867200.0,33600.0,33600.0,28943.9,30393.8,31907.7,29.2203424,782.0
471,1660953600.0,30507.5,31205.9,30392.8,30823.6,30880.8,8.56456591,308.0
472,1661040000.0,30808.2,31696.2,30690.1,31322.3,31186.8,5.02311348,259.0
473,1661126400.0,31372.6,31401.5,30326.2,31151.0,31028.5,22.1056221,418.0
474,1661212800.0,31136.6,31325.0,30525.5,31134.7,30999.3,18.1570709,527.0
475,1661299200.0,31108.8,31567.7,30678.8,30988.7,31167.1,23.36395128,663.0
476,1661385600.0,30988.7,31288.2,30823.7,31020.1,31022.4,13.35870535,426.0
477,1661472000.0,31020.1,31269.9,29209.8,29280.8,30627.9,16.96028565,780.0
478,1661558400.0,29359.6,29598.3,28693.0,29186.5,29261.9,6.20574543,352.0
479,1661644800.0,29127.6,29388.8,28600.0,28600.0,29154.0,5.97481699,617.0
480,1661731200.0,28666.8,29517.7,28519.7,29505.5,29039.2,20.95235716,864.0
481,1661817600.0,29442.5,29834.4,28694.6,28940.7,29281.7,15.15886035,543.0
482,1661904000.0,29008.4,29789.4,29008.4,29412.5,29530.4,14.53209656,521.0
483,1661990400.0,29358.7,29667.8,28932.2,29667.8,29402.0,11.99374387,429.0
484,1662076800.0,29606.9,29910.8,29099.9,29314.8,29667.1,15.06895964,493.0
485,1662163200.0,29314.9,29502.8,29000.0,29192.2,29236.8,3.56741788,286.0
486,1662249600.0,29224.0,29511.6,28859.6,29503.7,29217.0,7.6663954,489.0
487,1662336000.0,29542.2,29588.7,29000.0,29097.1,29195.6,7.56540547,389.0
488,1662422400.0,29112.7,29589.3,27897.4,27977.5,28910.0,12.53214522,564.0
489,1662508800.0,27992.9,28733.4,27751.5,28628.4,28172.6,10.63401354,496.0
490,1662595200.0,28741.4,28856.8,28352.3,28597.2,28637.9,11.31134494,425.0
491,1662681600.0,28594.4,31360.2,28486.1,31247.1,30020.8,12.04398013,700.0
492,1662768000.0,31128.7,31878.3,30953.5,31721.2,31376.8,4.52580945,407.0
493,1662854400.0,31701.4,31902.7,31287.2,31902.7,31680.8,8.53659996,533.0
494,1662940800.0,31809.0,32682.7,31615.2,32524.0,32132.6,14.21266657,451.0
495,1663027200.0,32554.6,33023.4,29683.8,30025.9,32050.4,15.84476878,722.0
496,1663113600.0,29906.0,30457.6,29138.3,30053.1,30118.8,10.10127555,466.0
497,1663200000.0,30046.0,30093.0,29055.6,29500.0,29839.9,8.6890936,491.0
498,1663286400.0,29560.4,29750.0,29000.0,29508.7,29532.7,19.67421762,556.0
499,1663372800.0,29517.3,30036.8,29517.3,30027.4,29662.0,6.88144481,326.0
500,1663459200.0,29876.6,29975.2,28890.2,28890.2,29500.4,4.22695201,265.0
501,1663545600.0,28904.1,29309.7,27499.9,29121.2,28226.7,24.12906193,834.0
502,1663632000.0,29108.5,29167.8,28117.8,28269.0,28728.1,9.16862305,475.0
503,1663718400.0,28220.3,30247.7,27519.7,28020.9,28558.1,16.09154073,702.0
504,1663804800.0,27956.8,29349.5,27924.7,29216.8,28535.3,18.72009813,494.0
505,1663891200.0,29233.3,29747.6,28332.0,29610.0,29069.0,14.03131894,482.0
506,1663977600.0,29502.4,29502.4,28941.0,29008.2,29328.2,9.35311668,387.0
507,1664064000.0,29031.3,29387.6,28682.4,28812.4,29161.9,5.43740897,276.0
508,1664150400.0,28829.4,29772.3,28749.6,29711.1,29291.8,13.60811041,489.0
509,1664236800.0,29676.5,31417.9,29400.0,29671.5,30418.9,8.92499139,499.0
510,1664323200.0,29671.5,30238.9,28944.7,29890.6,29560.8,14.50329031,528.0
511,1664409600.0,29849.0,30250.0,29297.4,30062.0,29963.8,12.20925256,481.0
512,1664496000.0,30036.3,31271.1,29581.1,30345.4,30183.8,14.1966257,474.0
513,1664582400.0,30349.6,30444.2,30086.4,30190.4,30248.8,4.8459565,375.0
514,1664668800.0,30165.0,30297.4,29497.0,29709.8,29908.8,36.77494867,976.0
515,1664755200.0,29729.2,30259.9,29607.3,30134.3,29937.8,14.94845544,405.0
516,1664841600.0,30185.3,31431.5,29996.9,31249.7,30697.1,16.78691011,552.0
517,1664928000.0,31058.8,31376.3,30766.2,30954.5,31045.3,10.00782441,515.0
518,1665014400.0,31005.6,31475.3,30911.2,31177.1,31208.9,14.3080812,496.0
519,1665100800.0,31117.2,31299.6,30391.0,30750.1,31109.9,12.58237484,413.0
520,1665187200.0,30768.7,30849.4,30329.9,30466.3,30591.7,5.47331259,342.0
521,1665273600.0,30572.2,30699.9,28000.0,30376.9,29999.0,37.53098183,999.0
522,1665360000.0,30437.1,30767.6,30297.0,30388.7,30588.4,26.11843529,919.0
523,1665446400.0,30374.9,30535.0,30155.2,30385.0,30345.3,15.80071601,577.0
524,1665532800.0,30389.5,30673.6,30389.5,30495.2,30522.6,6.31470679,419.0
525,1665619200.0,30509.7,30897.9,29087.3,30747.9,30127.8,25.71149624,822.0
526,1665705600.0,30700.7,31452.6,30700.7,30955.2,31182.6,16.4054047,510.0
527,1665792000.0,30996.0,30996.9,30669.0,30730.2,30887.4,5.4258838,239.0
528,1665878400.0,30777.8,31127.8,30774.2,30984.1,30929.8,8.0124844,325.0
529,1665964800.0,30982.6,31275.0,30725.1,31016.2,31017.1,12.38423638,480.0
530,1666051200.0,31039.3,31192.9,30410.5,30597.2,30996.9,17.2776628,659.0
531,1666137600.0,30594.9,30784.3,30464.0,30551.3,30582.3,7.91391164,362.0
532,1666224000.0,30531.9,30742.8,30250.7,30411.1,30533.3,10.4764407,360.0
533,1666310400.0,30433.4,30525.1,29970.1,30035.1,30389.5,17.77625899,354.0
534,1666396800.0,30079.9,30221.9,29990.0,30164.8,30077.1,5.93500228,248.0
535,1666483200.0,30180.9,30832.9,30050.7,30722.6,30507.4,11.43103487,330.0
536,1666569600.0,30752.1,30842.8,30422.9,30580.0,30680.9,20.26252501,328.0
537,1666656000.0,30580.0,31925.1,30442.5,31387.9,31068.9,19.83110018,469.0
538,1666742400.0,31500.0,32449.1,31406.3,32000.6,31832.3,21.76609755,592.0
539,1666828800.0,32005.6,32143.7,31409.2,31478.8,31966.7,17.45197771,508.0
540,1666915200.0,31537.5,32415.6,31300.0,32206.1,31628.5,18.85747981,458.0
541,1667001600.0,32139.1,32823.6,32110.5,32486.1,32424.2,5.07737073,253.0
542,1667088000.0,32504.8,32639.8,32124.2,32200.5,32395.1,2.8008643,347.0
543,1667174400.0,32221.9,32555.0,31869.0,31994.4,32099.8,14.45625502,479.0
544,1667260800.0,31930.7,32133.3,31747.1,32113.2,31933.7,11.59395943,755.0
545,1667347200.0,31955.3,32252.4,31572.0,31845.0,31906.6,20.56937905,835.0
546,1667433600.0,31819.8,32350.4,31806.4,32178.7,32053.1,14.80933062,547.0
547,1667520000.0,32116.6,32857.4,32040.8,32758.0,32386.3,14.32997499,728.0
548,1667606400.0,32758.0,33236.1,32675.0,32966.6,33072.2,5.26804225,375.0
549,1667692800.0,32993.9,33089.3,32503.3,32514.6,32872.5,13.65163721,456.0
550,1667779200.0,32532.7,32877.5,31572.0,31842.9,32308.0,17.58224799,996.0
551,1667865600.0,31859.8,32014.1,27000.0,28567.6,29476.7,63.15349524,1972.0
552,1667952000.0,28624.5,28697.5,24302.1,24729.2,26375.7,65.09351915,2608.0
553,1668038400.0,24738.6,27445.6,24654.0,26636.1,25866.2,34.74192481,1498.0
554,1668124800.0,26500.1,26750.0,24616.9,25380.3,25575.2,31.91176612,774.0
555,1668211200.0,25378.0,25432.7,24794.6,24944.3,25094.6,12.37848757,465.0
556,1668297600.0,24944.3,25175.9,24163.2,24286.3,24682.9,15.62861431,637.0
557,1668384000.0,24291.8,25361.8,23519.4,24784.9,24205.3,28.92880654,938.0
558,1668470400.0,24726.1,25227.5,24587.8,24892.4,24883.3,25.43393324,596.0
559,1668556800.0,24931.4,25145.0,24276.6,24685.9,24745.7,19.05823699,682.0
560,1668643200.0,24785.3,25000.2,24467.6,24861.8,24761.7,27.84441407,864.0
561,1668729600.0,24923.4,25306.2,24540.6,24930.7,24913.0,38.16195707,985.0
562,1668816000.0,24955.0,25196.5,24808.4,25071.7,24910.2,5.72978927,292.0
563,1668902400.0,25047.2,25066.9,24289.7,24304.2,24744.2,10.0421413,473.0
564,1668988800.0,24304.0,24549.4,23000.0,23841.4,24048.3,54.37654799,1595.0
565,1669075200.0,23782.2,24509.0,23423.3,24394.9,23874.3,77.40430658,2577.0
566,1669161600.0,24379.2,24988.8,24278.4,24647.9,24670.4,26.43471539,833.0
567,1669248000.0,24594.8,24857.3,24391.7,24522.5,24622.4,13.58207127,610.0
568,1669334400.0,24501.3,24601.0,24192.3,24528.1,24431.2,22.3037191,490.0
569,1669420800.0,24535.3,24772.8,24352.5,24445.8,24611.4,7.9162446,353.0
570,1669507200.0,24431.2,24722.1,24431.2,24490.8,24602.7,8.83394968,263.0
571,1669593600.0,24528.9,24607.1,24092.3,24406.1,24300.8,19.43969706,426.0
572,1669680000.0,24384.0,24710.4,24276.8,24701.0,24485.9,11.35900042,397.0
573,1669766400.0,24694.1,25556.1,24632.0,25328.7,25198.9,11.62089268,502.0
574,1669852800.0,25300.0,25358.9,24829.2,24956.2,25056.6,9.4512425,437.0
575,1669939200.0,24955.8,25186.2,24832.8,25160.9,24946.8,17.26505422,636.0
576,1670025600.0,25190.2,25215.0,24882.5,24910.6,25057.1,6.54155022,271.0
577,1670112000.0,24892.5,25237.2,24892.5,25185.2,25163.7,6.66681029,279.0
578,1670198400.0,25185.0,25558.5,25120.1,25277.6,25366.3,16.57822389,788.0
579,1670284800.0,25276.8,25549.7,25181.3,25512.7,25312.3,6.14350727,346.0
580,1670371200.0,25510.4,25530.3,24956.4,25049.1,25277.4,14.60285844,572.0
581,1670457600.0,25078.9,31200.0,24887.9,25511.6,25111.1,15.68271173,675.0
582,1670544000.0,25459.4,25546.0,25161.7,25229.6,25418.4,11.53488634,457.0
583,1670630400.0,25231.7,25390.1,25223.2,25255.0,25275.6,3.66696863,210.0
584,1670716800.0,25255.0,25481.6,25190.2,25238.8,25318.8,7.33637955,315.0
585,1670803200.0,25233.0,25441.9,24971.2,25435.6,25134.8,23.25312912,501.0
586,1670889600.0,25420.2,26124.5,25253.7,25888.8,25578.8,24.6841007,950.0
587,1670976000.0,25907.4,26632.0,25729.8,25952.6,26036.9,20.4110861,805.0
588,1671062400.0,25961.0,26195.7,25686.0,25890.6,25981.4,19.00604841,583.0
589,1671148800.0,25849.6,26160.0,24750.0,24874.6,25431.0,25.03274852,797.0
590,1671235200.0,24865.2,25106.6,24818.5,25098.9,24984.0,8.7490725,283.0
591,1671321600.0,25029.0,25103.7,24900.0,25075.0,25019.4,5.98240667,301.0
592,1671408000.0,25005.5,25106.4,24333.2,24503.3,24892.2,17.76129202,674.0
593,1671494400.0,24526.8,25494.7,24511.4,25289.9,25148.7,15.19138082,539.0
594,1671580800.0,25250.0,25345.3,24930.5,25013.9,25224.5,18.34113492,509.0
595,1671667200.0,25040.5,25220.9,24819.8,25203.6,25040.7,12.51953042,460.0
596,1671753600.0,25201.6,25266.6,24974.1,25002.6,25175.0,15.52185371,622.0
597,1671840000.0,24991.6,25163.4,24966.5,25123.4,25086.1,7.75198461,473.0
598,1671926400.0,25122.9,25156.4,24991.6,25124.1,25108.1,20.1136858,496.0
599,1672012800.0,25130.0,25213.0,24986.1,25003.0,25107.2,14.7426432,513.0
600,1672099200.0,25101.5,25130.3,24663.6,24840.8,24879.4,4.85776233,352.0
601,1672185600.0,24804.2,24885.1,24476.3,24540.0,24700.5,24.61333956,645.0
602,1672272000.0,24537.9,24764.1,24464.9,24610.6,24632.8,11.59532498,344.0
603,1672358400.0,24608.8,24628.4,24146.7,24358.4,24387.1,10.82874158,365.0
604,1672444800.0,24376.4,24418.1,24206.5,24303.6,24318.5,6.11283522,319.0
605,1672531200.0,24280.1,24435.1,24250.2,24414.5,24347.8,4.7626789,240.0
606,1672617600.0,24416.9,24648.5,24321.9,24556.8,24547.4,7.36954426,340.0
607,1672704000.0,24500.0,25021.5,24437.9,24796.2,24684.2,11.91781981,408.0
608,1672790400.0,24785.4,24953.2,24420.9,24685.2,24775.9,13.34210788,379.0
609,1672876800.0,24679.5,25003.4,24604.2,24905.4,24733.8,14.34088412,637.0
610,1672963200.0,24904.9,24959.5,24488.4,24671.4,24792.1,17.92636953,999.0
611,1673049600.0,24670.2,24717.0,24618.8,24695.5,24663.1,12.66520307,441.0
612,1673136000.0,24707.1,24869.6,24636.1,24869.6,24722.3,16.38062893,475.0
613,1673222400.0,24891.9,25048.0,24752.6,24863.2,24851.9,18.83151024,515.0
614,1673308800.0,24859.3,25377.8,24814.3,25295.4,25108.5,9.29873719,307.0
615,1673395200.0,25290.0,26005.8,25104.7,26005.8,25303.2,15.31106852,668.0
616,1673481600.0,25977.8,27315.4,25900.0,27096.0,26342.8,11.07651447,623.0
617,1673568000.0,27085.6,28600.0,26940.3,28585.3,27428.1,10.14455246,440.0
618,1673654400.0,28565.7,30452.8,28565.7,30125.0,29894.7,21.50795577,1063.0
619,1673740800.0,30030.0,30097.1,29486.7,29919.9,29737.6,6.05180069,336.0
620,1673827200.0,29886.1,30779.3,29696.3,30393.7,30122.4,17.90582558,757.0
621,1673913600.0,30355.4,30882.7,30002.0,30264.5,30425.6,16.4348504,675.0
622,1674000000.0,30308.8,30560.0,29250.0,29799.0,30233.2,21.69273537,878.0
623,1674086400.0,29779.8,30580.1,29758.3,30450.0,30049.7,31.75349713,961.0
624,1674172800.0,30449.9,32605.1,30005.7,32585.0,30593.9,15.24174159,497.0
625,1674259200.0,32581.5,33597.9,32358.0,32799.1,32778.2,11.80594656,559.0
626,1674345600.0,32798.9,33234.9,32145.4,32610.5,32757.7,6.9515108,389.0
627,1674432000.0,32555.4,33021.7,32312.0,32694.9,32658.4,10.82544932,602.0
628,1674518400.0,32644.5,32940.0,32104.0,32145.7,32689.6,9.66629053,491.0
629,1674604800.0,32230.7,33450.3,31590.6,32553.2,31933.5,43.7769738,2372.0
630,1674691200.0,32542.8,32740.8,32221.8,32418.4,32459.6,12.93641829,606.0
631,1674777600.0,32408.2,32975.8,31749.0,32527.5,32347.5,14.23574473,476.0
632,1674864000.0,32467.0,32649.6,32234.1,32381.8,32428.7,6.00535959,332.0
633,1674950400.0,32483.7,33683.8,32365.2,33511.2,33145.4,11.01627094,440.0
634,1675036800.0,33502.0,33557.7,32041.4,32433.3,32973.4,18.47923443,753.0
635,1675123200.0,32425.0,33064.1,32300.0,32852.0,32705.7,19.65588562,793.0
636,1675209600.0,32858.9,33391.9,32395.5,33242.6,32706.6,23.16883826,850.0
637,1675296000.0,33242.6,34154.5,33197.0,33197.0,33506.6,20.63653206,932.0
638,1675382400.0,33439.7,34036.1,33171.5,33890.0,33501.8,13.85222489,932.0
639,1675468800.0,33864.5,34075.7,33602.7,33707.7,33841.2,13.85858994,616.0
640,1675555200.0,33711.3,33886.9,33001.0,33208.5,33440.0,9.70880646,738.0
641,1675641600.0,33234.5,33700.7,32682.7,33034.9,33234.3,13.67926487,944.0
642,1675728000.0,33027.8,33499.9,32919.6,33383.9,33184.5,12.63323068,827.0
643,1675814400.0,33380.0,33598.7,32800.0,33147.6,33271.1,17.79968337,674.0
644,1675900800.0,33156.7,33250.8,31296.6,31504.7,32462.7,14.21135199,751.0
645,1675987200.0,31426.3,31716.0,31094.4,31298.3,31530.7,16.7898647,767.0
646,1676073600.0,31255.1,31688.4,31251.7,31685.1,31378.0,3.24628669,322.0
647,1676160000.0,31679.3,31986.9,31322.3,31479.7,31687.4,5.46466319,342.0
648,1676246400.0,31545.2,31993.3,30700.8,31993.3,31470.0,18.96030214,922.0
649,1676332800.0,31251.9,31947.1,30995.9,31755.5,31445.7,24.56631301,882.0
650,1676419200.0,31748.8,35256.4,31594.3,35139.0,32426.4,37.83271064,1237.0
651,1676505600.0,35177.8,36659.9,34200.7,34309.9,35551.9,42.85635581,1879.0
652,1676592000.0,34200.7,36310.2,34090.8,35730.1,34977.4,18.69867989,837.0
653,1676678400.0,35730.6,36068.7,35586.5,35885.6,35834.9,4.39675792,450.0
654,1676764800.0,35869.1,36682.8,35341.0,35453.8,35771.5,6.33904732,422.0
655,1676851200.0,35381.9,36241.2,34747.6,35805.7,35753.8,33.70638543,1106.0
656,1676937600.0,35930.2,36641.7,35190.7,35627.8,36068.4,24.34566778,702.0
657,1677024000.0,35491.4,35629.2,34713.2,35570.1,35322.3,21.21146798,647.0
658,1677110400.0,35577.1,36073.9,34770.0,35117.6,35566.2,23.73642864,872.0
659,1677196800.0,35166.1,35521.4,34000.0,34500.9,35026.4,15.848851,800.0
660,1677283200.0,34500.2,34555.0,34082.0,34524.5,34392.9,12.73093445,471.0
661,1677369600.0,34473.9,35227.0,34405.0,34987.0,34782.5,5.52866845,515.0
662,1677456000.0,34987.5,35499.9,34401.4,34855.1,34968.1,14.88168731,797.0
663,1677542400.0,34798.0,34970.4,34358.5,34367.6,34732.8,8.94972375,485.0
664,1677628800.0,34390.9,35365.9,34390.9,34945.6,34968.1,9.71327842,448.0
665,1677715200.0,34945.9,35114.2,34525.1,34842.6,34796.3,10.12081157,605.0
666,1677801600.0,34779.1,34812.2,32753.6,33028.3,33144.4,18.54303558,863.0
667,1677888000.0,32975.3,33192.1,32915.8,33088.3,33080.6,5.69124329,460.0
668,1677974400.0,33124.5,33584.8,33051.7,33244.8,33305.2,6.02369394,334.0
669,1678060800.0,33255.2,33525.9,33043.9,33224.1,33229.8,13.96277503,778.0
670,1678147200.0,33238.7,33795.4,33180.4,33632.3,33473.3,13.91957794,601.0
671,1678233600.0,33632.3,33749.1,32798.9,32829.3,33486.3,21.05393107,758.0
672,1678320000.0,32815.3,33015.3,30492.2,30957.4,31963.6,18.94218549,704.0
673,1678406400.0,30925.0,30925.0,29789.0,30644.8,30387.0,19.24548842,1004.0
674,1678492800.0,30738.5,31605.9,29806.7,30897.0,30616.9,41.73218601,1904.0
675,1678579200.0,30985.6,33262.5,30735.1,33212.6,31728.4,13.85026046,641.0
676,1678665600.0,33181.5,36446.7,32653.4,35755.6,34519.8,45.82967795,1882.0
677,1678752000.0,35754.4,39264.9,35641.3,36748.3,37249.3,42.6510146,1852.0
678,1678838400.0,36748.8,37730.8,36071.0,36682.6,36898.6,18.21660157,660.0
679,1678924800.0,36689.4,37842.9,36414.1,37562.2,37054.1,14.4134571,609.0
680,1679011200.0,37594.9,41570.7,37435.4,40919.6,39383.9,24.25672143,823.0
681,1679097600.0,40932.6,41476.4,40017.4,40305.2,40993.8,23.37340824,691.0
682,1679184000.0,40334.8,42400.0,40099.0,41779.8,41320.9,17.08406377,587.0
683,1679270400.0,41829.2,42675.0,40717.7,41416.1,41851.3,29.85813358,1031.0
684,1679356800.0,41387.7,42729.8,40984.3,42191.4,41777.6,14.53832267,802.0
685,1679443200.0,42190.0,43105.7,39775.8,40748.0,41931.6,32.97615598,1278.0
686,1679529600.0,40745.8,42649.0,40495.4,42344.3,41247.7,19.94766326,827.0
687,1679616000.0,42421.9,42500.0,40690.3,41227.3,42189.5,38.18096095,1477.0
688,1679702400.0,41283.5,41727.6,40922.5,41374.2,41377.6,10.83324101,668.0
689,1679788800.0,41372.4,42396.5,41335.3,42108.6,41889.4,12.90124736,560.0
690,1679875200.0,42109.5,42224.4,40000.0,40715.8,41419.1,18.43018062,817.0
691,1679961600.0,40712.1,40875.7,39926.3,40619.2,40331.0,5.86645125,551.0
692,1680048000.0,40646.2,42800.0,40639.0,42317.6,41990.2,14.55177792,1027.0
693,1680134400.0,42380.7,43500.0,41363.9,41674.6,42606.7,12.4799106,885.0
694,1680220800.0,41734.5,42758.3,41218.3,42564.4,41859.6,5.33620812,580.0
695,1680307200.0,42574.8,42868.3,42292.5,42553.9,42561.2,5.5694257,446.0
696,1680393600.0,42582.1,42674.6,41741.9,42306.9,42267.4,4.07713158,462.0
697,1680480000.0,42307.0,42434.0,40219.9,40913.6,41468.7,22.89540649,1137.0
698,1680566400.0,40983.7,42122.0,40781.3,41685.9,41522.3,10.47122705,729.0
699,1680652800.0,41689.5,42710.0,41446.3,41940.5,42008.7,7.61295648,672.0
700,1680739200.0,41939.4,42122.0,41493.9,41983.4,41735.9,15.06274894,879.0
701,1680825600.0,41988.5,42091.5,41593.6,41888.9,41861.2,1.41547241,251.0
702,1680912000.0,41863.2,42156.6,41778.8,41907.4,41963.2,3.19049842,269.0
703,1680998400.0,41872.8,42778.1,41770.7,42430.2,42235.9,4.11988735,550.0
704,1681084800.0,42479.4,44794.4,42309.8,44523.8,43066.9,9.14292519,825.0
705,1681171200.0,44585.1,45833.6,44535.7,45355.8,45086.3,9.71690519,954.0
706,1681257600.0,45382.1,45505.0,44500.0,44603.1,44889.2,15.42221393,896.0
707,1681344000.0,44620.2,45144.8,44601.3,44800.2,44848.7,10.66677892,892.0
708,1681430400.0,44833.4,45788.7,44720.5,45385.5,45344.2,23.29445663,977.0
709,1681516800.0,45459.3,45564.4,45132.6,45263.8,45373.2,3.83709331,364.0
710,1681603200.0,45253.0,45581.5,45066.5,45163.7,45212.3,4.41871398,366.0
711,1681689600.0,45272.5,45272.5,43555.8,43921.3,44471.0,34.46042266,1419.0
712,1681776000.0,43948.9,45262.3,43506.8,45038.4,44775.7,20.09376974,960.0
713,1681862400.0,45008.5,45041.8,42704.2,42974.2,44040.7,19.0662932,1239.0
714,1681948800.0,42954.6,43297.5,41615.4,41882.8,42571.3,22.47648267,1275.0
715,1682035200.0,41884.9,42201.9,40638.8,40742.7,41852.8,21.28455035,1118.0
716,1682121600.0,40800.5,41831.1,40675.0,41773.0,41094.2,7.55095602,628.0
717,1682208000.0,41771.7,41771.7,41105.8,41365.0,41414.8,4.54737523,391.0
718,1682294400.0,41365.0,41926.1,40406.2,41044.4,41379.9,11.39083843,942.0
719,1682380800.0,41046.1,41153.7,40892.2,41002.9,40985.2,0.44170875,58.0
